,Country,Year,Income,Age,Schooling,Unemployment,Hours,Continent,Price
0,Austria,2001,20180.945132131103,67.8768837953466,9.2,4.01000022888184,1535.0,Europe,2.93
1,Austria,2001,20180.945132131103,67.8768837953466,9.2,4.01000022888184,1669.0,Europe,2.93
2,Austria,2002,21814.0096161255,67.900457955658,9.4,4.84999990463257,1530.0,Europe,2.86
3,Austria,2002,21814.0096161255,67.900457955658,9.4,4.84999990463257,1666.0,Europe,2.86
4,Austria,2003,26659.666723889903,67.8734889036641,9.6,4.78000020980835,1524.0,Europe,3.18
5,Austria,2003,26659.666723889903,67.8734889036641,9.6,4.78000020980835,1658.0,Europe,3.18
6,Austria,2004,30503.875386835098,67.8431945263396,9.8,5.82999992370605,1530.0,Europe,3.33
7,Austria,2004,30503.875386835098,67.8431945263396,9.8,5.82999992370605,1660.0,Europe,3.33
8,Austria,2005,31819.358871932996,67.8309232884845,9.9,5.630000114440921,1518.0,Europe,3.77
9,Austria,2005,31819.358871932996,67.8309232884845,9.9,5.630000114440921,1638.0,Europe,3.77
10,Austria,2006,33999.8911796331,67.7483950904887,10.1,5.23999977111816,1505.0,Europe,4.13
11,Austria,2006,33999.8911796331,67.7483950904887,10.1,5.23999977111816,1622.0,Europe,4.13
12,Austria,2007,39077.7214518561,67.6814830223551,11.6,4.8600001335144,1503.0,Europe,4.27
13,Austria,2007,39077.7214518561,67.6814830223551,11.6,4.8600001335144,1612.0,Europe,4.27
14,Austria,2008,43498.371281084,67.6245461838065,11.5,4.13000011444092,1506.0,Europe,4.74
15,Austria,2008,43498.371281084,67.6245461838065,11.5,4.13000011444092,1605.0,Europe,4.74
16,Austria,2009,39512.6000237855,67.56199912115089,11.7,5.3000001907348615,1469.0,Europe,6.95
17,Austria,2009,39512.6000237855,67.56199912115089,11.7,5.3000001907348615,1564.0,Europe,6.95
18,Austria,2010,38977.207127378504,67.4849514545213,11.8,4.82000017166138,1469.0,Europe,6.69
19,Austria,2010,38977.207127378504,67.4849514545213,11.8,4.82000017166138,1557.0,Europe,6.69
20,Austria,2011,42632.9286669921,67.4236961728936,11.8,4.55999994277954,1469.0,Europe,8.32
21,Austria,2011,42632.9286669921,67.4236961728936,11.8,4.55999994277954,1562.0,Europe,8.32
22,Austria,2012,40022.5184450149,67.35358579722711,11.8,4.86999988555908,1454.0,Europe,8.38
23,Austria,2012,40022.5184450149,67.35358579722711,11.8,4.86999988555908,1540.0,Europe,8.38
24,Austria,2013,41671.433310364904,67.2623179278746,11.9,5.32999992370605,1444.0,Europe,8.62
25,Austria,2013,41671.433310364904,67.2623179278746,11.9,5.32999992370605,1525.0,Europe,8.62
26,Austria,2014,42479.1664976267,67.155383506965,12.1,5.619999885559079,1439.0,Europe,8.63
27,Austria,2014,42479.1664976267,67.155383506965,12.1,5.619999885559079,1516.0,Europe,8.63
28,Austria,2015,35800.0952506852,67.0395546223339,12.1,5.71999979019165,1420.0,Europe,7.44
29,Austria,2015,35800.0952506852,67.0395546223339,12.1,5.71999979019165,1500.0,Europe,7.44
30,Austria,2016,37002.0495992453,66.87628993896679,12.1,6.0100002288818395,1432.0,Europe,5.64
31,Austria,2016,37002.0495992453,66.87628993896679,12.1,6.0100002288818395,1512.0,Europe,5.64
32,Austria,2017,38747.991332317004,66.7068553857482,12.1,5.5,1432.0,Europe,6.22
33,Austria,2017,38747.991332317004,66.7068553857482,12.1,5.5,1511.0,Europe,6.22
34,Belgium,2001,19585.4183974444,65.5524134610083,10.2,6.17999982833862,1455.0,Europe,3.0
35,Belgium,2001,19585.4183974444,65.5524134610083,10.2,6.17999982833862,1588.0,Europe,3.0
36,Belgium,2002,21177.4141888852,65.5291882157882,10.3,6.90999984741211,1447.0,Europe,3.05
37,Belgium,2002,21177.4141888852,65.5291882157882,10.3,6.90999984741211,1583.0,Europe,3.05
38,Belgium,2003,25925.473875069503,65.5082929009144,10.4,7.67999982833862,1448.0,Europe,3.6
39,Belgium,2003,25925.473875069503,65.5082929009144,10.4,7.67999982833862,1578.0,Europe,3.6
40,Belgium,2004,29906.9379199965,65.5152323204025,10.5,7.360000133514402,1449.0,Europe,3.87
41,Belgium,2004,29906.9379199965,65.5152323204025,10.5,7.360000133514402,1573.0,Europe,3.87
42,Belgium,2005,30912.044062921803,65.5588768097048,10.7,8.439999580383299,1444.0,Europe,4.1
43,Belgium,2005,30912.044062921803,65.5588768097048,10.7,8.439999580383299,1565.0,Europe,4.1
44,Belgium,2006,32358.991504507598,65.5870149884642,11.1,8.25,1445.0,Europe,4.32
45,Belgium,2006,32358.991504507598,65.5870149884642,11.1,8.25,1572.0,Europe,4.32
46,Belgium,2007,36992.5757132596,65.6686703431115,11.1,7.46000003814697,1448.0,Europe,4.91
47,Belgium,2007,36992.5757132596,65.6686703431115,11.1,7.46000003814697,1577.0,Europe,4.91
48,Belgium,2008,40516.280621968,65.7632083648718,11.0,6.98000001907349,1443.0,Europe,5.46
49,Belgium,2008,40516.280621968,65.7632083648718,11.0,6.98000001907349,1570.0,Europe,5.46
50,Belgium,2009,36207.8403167584,65.81231256255589,11.1,7.90999984741211,1421.0,Europe,5.26
51,Belgium,2009,36207.8403167584,65.81231256255589,11.1,7.90999984741211,1548.0,Europe,5.26
52,Belgium,2010,37246.554273299305,65.7832315041066,11.1,8.28999996185303,1420.0,Europe,5.18
53,Belgium,2010,37246.554273299305,65.7832315041066,11.1,8.28999996185303,1546.0,Europe,5.18
54,Belgium,2011,38918.8098326126,65.6495006893165,11.2,7.139999866485598,1430.0,Europe,6.48
55,Belgium,2011,38918.8098326126,65.6495006893165,11.2,7.139999866485598,1560.0,Europe,6.48
56,Belgium,2012,37079.6019848252,65.47723427963061,11.2,7.53999996185303,1431.0,Europe,6.2
57,Belgium,2012,37079.6019848252,65.47723427963061,11.2,7.53999996185303,1560.0,Europe,6.2
58,Belgium,2013,38281.733061604304,65.2732024141659,11.4,8.43000030517578,1429.0,Europe,6.24
59,Belgium,2013,38281.733061604304,65.2732024141659,11.4,8.43000030517578,1558.0,Europe,6.24
60,Czech Republic,2001,4926.75733168674,70.1865526183688,10.9,7.9899997711181605,1922.0,Europe,2.91
61,Czech Republic,2001,4926.75733168674,70.1865526183688,10.9,7.9899997711181605,1818.0,Europe,2.91
62,Czech Republic,2002,5968.40920520312,70.52501360895691,11.1,7.01999998092651,1896.0,Europe,2.99
63,Czech Republic,2002,5968.40920520312,70.52501360895691,11.1,7.01999998092651,1817.0,Europe,2.99
64,Czech Republic,2003,7290.51903020729,70.8084955607705,11.4,7.53999996185303,1882.0,Europe,3.1
65,Czech Republic,2003,7290.51903020729,70.8084955607705,11.4,7.53999996185303,1806.0,Europe,3.1
66,Czech Republic,2004,8608.90660732591,71.04734042636309,11.6,8.21000003814697,1900.0,Europe,3.46
67,Czech Republic,2004,8608.90660732591,71.04734042636309,11.6,8.21000003814697,1817.0,Europe,3.46
68,Czech Republic,2005,9979.21432122609,71.2246699608196,11.9,7.92999982833862,1923.0,Europe,3.79
69,Czech Republic,2005,9979.21432122609,71.2246699608196,11.9,7.92999982833862,1817.0,Europe,3.79
70,Czech Republic,2006,11196.9483799857,71.1624786566466,12.1,7.150000095367429,1922.0,Europe,3.95
71,Czech Republic,2006,11196.9483799857,71.1624786566466,12.1,7.150000095367429,1799.0,Europe,3.95
72,Czech Republic,2007,13503.487441228799,71.0920278168887,12.2,5.32000017166138,1914.0,Europe,4.39
73,Czech Republic,2007,13503.487441228799,71.0920278168887,12.2,5.32000017166138,1784.0,Europe,4.39
74,Czech Republic,2008,16506.5667422477,70.960295262934,12.2,4.3899998664856,1923.0,Europe,5.76
75,Czech Republic,2008,16506.5667422477,70.960295262934,12.2,4.3899998664856,1790.0,Europe,5.76
76,Czech Republic,2009,14036.106777863899,70.7070334309318,12.3,6.65999984741211,1879.0,Europe,5.16
77,Czech Republic,2009,14036.106777863899,70.7070334309318,12.3,6.65999984741211,1779.0,Europe,5.16
78,Czech Republic,2010,14047.233315591498,70.3197027871111,12.4,7.28000020980835,1883.0,Europe,5.01
79,Czech Republic,2010,14047.233315591498,70.3197027871111,12.4,7.28000020980835,1800.0,Europe,5.01
80,Czech Republic,2011,15388.472382703301,69.7127039569144,12.5,6.71000003814697,1864.0,Europe,6.58
81,Czech Republic,2011,15388.472382703301,69.7127039569144,12.5,6.71000003814697,1806.0,Europe,6.58
82,Czech Republic,2012,14256.0068557039,69.0429692573409,12.4,6.98000001907349,1846.74,Europe,7.13
83,Czech Republic,2012,14256.0068557039,69.0429692573409,12.4,6.98000001907349,1776.0,Europe,7.13
84,Czech Republic,2013,14326.0402720285,68.3238565437986,12.6,6.949999809265139,1824.59,Europe,7.0
85,Czech Republic,2013,14326.0402720285,68.3238565437986,12.6,6.949999809265139,1763.0,Europe,7.0
86,Czech Republic,2014,14117.6646320151,67.5907291259181,12.8,6.110000133514402,1826.06,Europe,6.61
87,Czech Republic,2014,14117.6646320151,67.5907291259181,12.8,6.110000133514402,1777.0,Europe,6.61
88,Czech Republic,2015,12752.360573843998,66.874737475247,12.7,5.0500001907348615,1810.88,Europe,5.75
89,Czech Republic,2015,12752.360573843998,66.874737475247,12.7,5.0500001907348615,1756.0,Europe,5.75
90,Czech Republic,2016,13355.2513716758,66.2458968082679,12.7,3.95000004768372,1833.0,Europe,6.14
91,Czech Republic,2016,13355.2513716758,66.2458968082679,12.7,3.95000004768372,1779.0,Europe,6.14
92,Czech Republic,2017,15002.4883704249,65.5990133263291,12.7,2.89000010490417,1805.0,Europe,6.58
93,Czech Republic,2017,15002.4883704249,65.5990133263291,12.7,2.89000010490417,1784.0,Europe,6.58
94,Germany,2001,19439.7985475333,67.6123684885205,11.7,7.76999998092651,1352.7,Europe,2.63
95,Germany,2001,19439.7985475333,67.6123684885205,11.7,7.76999998092651,1441.9,Europe,2.63
96,Germany,2002,20561.5214941984,67.380216073476,12.1,8.47999954223633,1344.8,Europe,2.73
97,Germany,2002,20561.5214941984,67.380216073476,12.1,8.47999954223633,1430.9,Europe,2.73
98,Germany,2003,24843.925771100898,67.1480567259006,12.5,9.77999973297119,1339.1,Europe,3.18
99,Germany,2003,24843.925771100898,67.1480567259006,12.5,9.77999973297119,1424.8,Europe,3.18
100,Germany,2004,28588.3636776311,66.9247995662619,12.9,10.729999542236301,1334.6,Europe,3.33
101,Germany,2004,28588.3636776311,66.9247995662619,12.9,10.729999542236301,1422.2,Europe,3.33
102,Germany,2005,29096.592555410298,66.7260751808893,13.3,11.1700000762939,1323.6,Europe,4.06
103,Germany,2005,29096.592555410298,66.7260751808893,13.3,11.1700000762939,1411.3,Europe,4.06
104,Germany,2006,30860.695760954903,66.5178699925422,13.6,10.25,1343.7,Europe,4.33
105,Germany,2006,30860.695760954903,66.5178699925422,13.6,10.25,1424.7,Europe,4.33
106,Germany,2007,35350.9774272269,66.3270356577584,13.7,8.659999847412111,1346.4,Europe,4.69
107,Germany,2007,35350.9774272269,66.3270356577584,13.7,8.659999847412111,1424.4,Europe,4.69
108,Germany,2008,38244.292198242205,66.1555053519407,13.7,7.51999998092651,1339.6,Europe,5.13
109,Germany,2008,38244.292198242205,66.1555053519407,13.7,7.51999998092651,1418.4,Europe,5.13
110,Germany,2009,34924.4551745262,66.01242512685509,13.8,7.7399997711181605,1289.2,Europe,4.75
111,Germany,2009,34924.4551745262,66.01242512685509,13.8,7.7399997711181605,1372.7,Europe,4.75
112,Germany,2010,35069.509689564,65.8950017606203,13.8,6.96999979019165,1309.7,Europe,4.76
113,Germany,2010,35069.509689564,65.8950017606203,13.8,6.96999979019165,1389.9,Europe,4.76
114,Germany,2011,39671.9126846557,65.8610721973638,13.9,5.82000017166138,1314.8,Europe,5.1
115,Germany,2011,39671.9126846557,65.8610721973638,13.9,5.82000017166138,1392.8,Europe,5.1
116,Germany,2012,37241.184393472,65.8692075817318,14.0,5.380000114440921,1300.7,Europe,4.74
117,Germany,2012,37241.184393472,65.8692075817318,14.0,5.380000114440921,1375.0,Europe,4.74
118,Germany,2013,39257.739888592594,65.8798344023014,14.0,5.230000019073491,1291.6,Europe,5.65
119,Germany,2013,39257.739888592594,65.8798344023014,14.0,5.230000019073491,1362.7,Europe,5.65
120,Germany,2014,40589.067267378,65.8508907755905,14.0,4.980000019073491,1299.2,Europe,5.72
121,Germany,2014,40589.067267378,65.8508907755905,14.0,4.980000019073491,1366.9,Europe,5.72
122,Germany,2015,34943.005952678905,65.7636764592908,14.1,4.61999988555908,1303.3,Europe,5.18
123,Germany,2015,34943.005952678905,65.7636764592908,14.1,4.61999988555908,1369.8,Europe,5.18
124,Germany,2016,35796.3797894686,65.640928159976,14.1,4.11999988555908,1297.8,Europe,5.05
125,Germany,2016,35796.3797894686,65.640928159976,14.1,4.11999988555908,1362.8,Europe,5.05
126,Denmark,2001,24789.375707004903,66.5599054284926,11.4,4.15999984741211,1413.84,Europe,3.19
127,Denmark,2001,24789.375707004903,66.5599054284926,11.4,4.15999984741211,1469.0,Europe,3.19
128,Denmark,2002,26935.076550889502,66.4428665792759,12.1,4.269999980926509,1403.07,Europe,3.09
129,Denmark,2002,26935.076550889502,66.4428665792759,12.1,4.269999980926509,1463.0,Europe,3.09
130,Denmark,2003,32848.6747359355,66.3312646371762,12.8,5.400000095367429,1399.84,Europe,3.57
131,Denmark,2003,32848.6747359355,66.3312646371762,12.8,5.400000095367429,1458.0,Europe,3.57
132,Denmark,2004,38091.5974744907,66.2257316212951,12.8,5.1999998092651385,1401.89,Europe,3.96
133,Denmark,2004,38091.5974744907,66.2257316212951,12.8,5.1999998092651385,1458.0,Europe,3.96
134,Denmark,2005,40328.3199162888,66.1193477620127,12.8,4.82999992370605,1401.99,Europe,4.28
135,Denmark,2005,40328.3199162888,66.1193477620127,12.8,4.82999992370605,1451.0,Europe,4.28
136,Denmark,2006,43125.951054222794,65.9768018054836,12.8,3.9000000953674303,1409.55,Europe,4.43
137,Denmark,2006,43125.951054222794,65.9768018054836,12.8,3.9000000953674303,1456.0,Europe,4.43
138,Denmark,2007,47963.9549803938,65.836495606821,12.5,3.79999995231628,1390.0,Europe,4.82
139,Denmark,2007,47963.9549803938,65.836495606821,12.5,3.79999995231628,1433.0,Europe,4.82
140,Denmark,2008,52148.733676468204,65.6919001163194,12.9,3.4300000667572004,1389.47,Europe,5.4
141,Denmark,2008,52148.733676468204,65.6919001163194,12.9,3.4300000667572004,1430.0,Europe,5.4
142,Denmark,2009,47491.4135171079,65.5403372184697,12.7,6.0100002288818395,1391.97,Europe,5.29
143,Denmark,2009,47491.4135171079,65.5403372184697,12.7,6.0100002288818395,1417.0,Europe,5.29
144,Denmark,2010,47972.2234671855,65.3825742001035,12.7,7.46000003814697,1374.53,Europe,5.44
145,Denmark,2010,47972.2234671855,65.3825742001035,12.7,7.46000003814697,1422.0,Europe,5.44
146,Denmark,2011,51243.684278290995,65.1571332537924,12.7,7.57000017166138,1387.59,Europe,6.92
147,Denmark,2011,51243.684278290995,65.1571332537924,12.7,7.57000017166138,1437.0,Europe,6.92
148,Denmark,2012,48824.9848782698,64.941860672363,12.8,7.53000020980835,1386.94,Europe,6.72
149,Denmark,2012,48824.9848782698,64.941860672363,12.8,7.53000020980835,1423.0,Europe,6.72
150,Denmark,2013,51808.6679680089,64.6884778274995,13.2,7.0,1369.68,Europe,6.36
151,Denmark,2013,51808.6679680089,64.6884778274995,13.2,7.0,1426.0,Europe,6.36
152,Denmark,2014,53772.4674126071,64.3967581428673,12.8,6.59000015258789,1411.0,Europe,6.43
153,Denmark,2014,53772.4674126071,64.3967581428673,12.8,6.59000015258789,1414.0,Europe,6.43
154,Denmark,2015,45663.9331654371,64.109395915935,12.5,6.17000007629395,1407.0,Europe,5.85
155,Denmark,2015,45663.9331654371,64.109395915935,12.5,6.17000007629395,1407.0,Europe,5.85
156,Denmark,2016,45928.16138044259,63.974810351075895,12.6,6.17999982833862,1416.0,Europe,4.94
157,Denmark,2016,45928.16138044259,63.974810351075895,12.6,6.17999982833862,1412.0,Europe,4.94
158,Denmark,2017,48267.1564851588,63.837541516592395,12.6,5.7399997711181605,1405.0,Europe,5.03
159,Spain,2001,13059.450569845902,68.70690769203,8.5,10.3500003814697,1716.3,Europe,2.54
160,Spain,2001,13059.450569845902,68.70690769203,8.5,10.3500003814697,1762.5,Europe,2.54
161,Spain,2002,14468.5803982876,68.8362940366107,8.5,11.1499996185303,1722.8,Europe,2.58
162,Spain,2002,14468.5803982876,68.8362940366107,8.5,11.1499996185303,1764.6,Europe,2.58
163,Spain,2003,18313.3400829999,68.928837711108,8.6,11.279999732971199,1714.2,Europe,3.0
164,Spain,2003,18313.3400829999,68.928837711108,8.6,11.279999732971199,1755.9,Europe,3.0
165,Spain,2004,21086.5201260066,68.9826721315544,8.6,11.0900001525879,1700.3,Europe,3.23
166,Spain,2004,21086.5201260066,68.9826721315544,8.6,11.0900001525879,1741.5,Europe,3.23
167,Spain,2005,22186.717559778706,68.993944321947,8.9,9.14999961853027,1685.8,Europe,3.22
168,Spain,2005,22186.717559778706,68.993944321947,8.9,9.14999961853027,1725.6,Europe,3.22
169,Spain,2006,23670.9634067683,68.87195215475579,9.0,8.449999809265138,1675.0,Europe,3.42
170,Spain,2006,23670.9634067683,68.87195215475579,9.0,8.449999809265138,1715.7,Europe,3.42
171,Spain,2007,26876.466065252906,68.7381319296545,9.1,8.22999954223633,1662.1,Europe,3.85
172,Spain,2007,26876.466065252906,68.7381319296545,9.1,8.22999954223633,1703.5,Europe,3.85
173,Spain,2008,29024.2930296538,68.5793078913373,9.2,11.25,1668.3,Europe,4.31
174,Spain,2008,29024.2930296538,68.5793078913373,9.2,11.25,1712.6,Europe,4.31
175,Spain,2009,26397.4539133885,68.3907560002059,9.3,17.8600006103516,1675.9,Europe,4.16
176,Spain,2009,26397.4539133885,68.3907560002059,9.3,17.8600006103516,1719.7,Europe,4.16
177,Spain,2010,25097.787814302403,68.1837446405248,9.4,19.8600006103516,1666.9,Europe,3.92
178,Spain,2010,25097.787814302403,68.1837446405248,9.4,19.8600006103516,1710.4,Europe,3.92
179,Spain,2011,25696.5583037663,67.7585356610049,9.5,21.3899993896484,1670.1,Europe,4.42
180,Spain,2011,25696.5583037663,67.7585356610049,9.5,21.3899993896484,1715.5,Europe,4.42
181,Spain,2012,23291.9343452509,67.3497682458038,9.5,24.7900009155273,1653.6,Europe,4.47
182,Spain,2012,23291.9343452509,67.3497682458038,9.5,24.7900009155273,1701.2,Europe,4.47
183,Spain,2013,23746.4106028463,66.9571701112476,9.5,26.0900001525879,1641.5,Europe,4.53
184,Spain,2013,23746.4106028463,66.9571701112476,9.5,26.0900001525879,1693.5,Europe,4.53
185,Spain,2014,24176.8053188309,66.5792338723069,9.7,24.440000534057607,1642.6,Europe,4.44
186,Spain,2014,24176.8053188309,66.5792338723069,9.7,24.440000534057607,1694.6,Europe,4.44
187,Spain,2015,21307.1948480213,66.2145620089839,9.7,22.059999465942397,1650.5,Europe,3.82
188,Spain,2015,21307.1948480213,66.2145620089839,9.7,22.059999465942397,1699.6,Europe,3.82
189,Spain,2016,22018.819663406,66.05511149062039,9.8,19.6299991607666,1652.6,Europe,3.73
190,Spain,2016,22018.819663406,66.05511149062039,9.8,19.6299991607666,1701.5,Europe,3.73
191,Spain,2017,23216.408258569103,65.8761240403025,9.8,17.2199993133545,1643.8,Europe,3.84
192,Spain,2017,23216.408258569103,65.8761240403025,9.8,17.2199993133545,1690.2,Europe,3.84
193,Finland,2001,20624.2691387791,66.91385543523971,9.4,10.289999961853,1547.0,Europe,1.98
194,Finland,2001,20624.2691387791,66.91385543523971,9.4,10.289999961853,1644.0,Europe,1.98
195,Finland,2002,22309.3633099907,66.8596319503707,9.5,10.4200000762939,1542.0,Europe,1.84
196,Finland,2002,22309.3633099907,66.8596319503707,9.5,10.4200000762939,1636.0,Europe,1.84
197,Finland,2003,26951.9612343688,66.7540126911599,9.6,10.4700002670288,1538.0,Europe,2.13
198,Finland,2003,26951.9612343688,66.7540126911599,9.6,10.4700002670288,1628.0,Europe,2.13
199,Finland,2004,31345.993063129,66.67010034937721,11.9,10.3599996566772,1540.0,Europe,2.34
200,Finland,2004,31345.993063129,66.67010034937721,11.9,10.3599996566772,1629.0,Europe,2.34
201,Finland,2005,32213.0453355642,66.63364979205829,12.0,8.38000011444092,1533.0,Europe,2.84
202,Finland,2005,32213.0453355642,66.63364979205829,12.0,8.38000011444092,1620.0,Europe,2.84
203,Finland,2006,34303.0340600594,66.6032094316134,12.0,7.71999979019165,1533.0,Europe,2.94
204,Finland,2006,34303.0340600594,66.6032094316134,12.0,7.71999979019165,1616.0,Europe,2.94
205,Finland,2007,39994.426962093996,66.6215680064265,12.0,6.849999904632571,1534.0,Europe,3.25
206,Finland,2007,39994.426962093996,66.6215680064265,12.0,6.849999904632571,1614.0,Europe,3.25
207,Finland,2008,43763.5660250213,66.625569418384,12.2,6.369999885559079,1532.0,Europe,3.72
208,Finland,2008,43763.5660250213,66.625569418384,12.2,6.369999885559079,1608.0,Europe,3.72
209,Finland,2009,38546.714484645,66.5184629488834,12.2,8.25,1509.0,Europe,3.51
210,Finland,2009,38546.714484645,66.5184629488834,12.2,8.25,1585.0,Europe,3.51
211,Finland,2010,37972.2581888908,66.247846073508,12.3,8.39000034332275,1519.0,Europe,3.69
212,Finland,2010,37972.2581888908,66.247846073508,12.3,8.39000034332275,1592.0,Europe,3.69
213,Finland,2011,41496.649119540896,65.78201535577729,12.3,7.78000020980835,1521.0,Europe,5.36
214,Finland,2011,41496.649119540896,65.78201535577729,12.3,7.78000020980835,1587.0,Europe,5.36
215,Finland,2012,38463.6439847624,65.2138747972466,12.4,7.69000005722046,1511.0,Europe,4.8
216,Finland,2012,38463.6439847624,65.2138747972466,12.4,7.69000005722046,1575.0,Europe,4.8
217,Finland,2013,40209.1077683051,64.577174477653,12.3,8.189999580383299,1506.0,Europe,4.29
218,Finland,2013,40209.1077683051,64.577174477653,12.3,8.189999580383299,1565.0,Europe,4.29
219,Finland,2014,40680.1428112226,63.9384605465814,12.4,8.659999847412111,1504.0,Europe,4.31
220,Finland,2014,40680.1428112226,63.9384605465814,12.4,8.659999847412111,1562.0,Europe,4.31
221,Finland,2015,34793.8852806269,63.344975142129705,12.4,9.38000011444092,1504.0,Europe,3.9
222,Finland,2015,34793.8852806269,63.344975142129705,12.4,9.38000011444092,1563.0,Europe,3.9
223,Finland,2016,35856.2854516459,62.8442675916187,12.4,8.81999969482422,1506.0,Europe,3.67
224,Finland,2016,35856.2854516459,62.8442675916187,12.4,8.81999969482422,1560.0,Europe,3.67
225,Finland,2017,37828.7075409136,62.3649635512257,12.4,8.64000034332275,1506.0,Europe,4.1
226,Finland,2017,37828.7075409136,62.3649635512257,12.4,8.64000034332275,1556.0,Europe,4.1
227,France,2001,19489.9511131294,65.1604910543348,10.0,8.60999965667725,1415.0,Europe,1.99
228,France,2001,19489.9511131294,65.1604910543348,10.0,8.60999965667725,1538.0,Europe,1.99
229,France,2002,20807.1737142949,65.1358962170508,10.1,8.699999809265138,1387.0,Europe,2.07
230,France,2002,20807.1737142949,65.1358962170508,10.1,8.699999809265138,1504.0,Europe,2.07
231,France,2003,25352.611425014904,65.12791713611949,10.2,8.310000419616701,1391.0,Europe,2.5
232,France,2003,25352.611425014904,65.12791713611949,10.2,8.310000419616701,1507.0,Europe,2.5
233,France,2004,29059.4693629217,65.1271370730184,10.3,8.90999984741211,1414.0,Europe,2.72
234,France,2004,29059.4693629217,65.1271370730184,10.3,8.90999984741211,1531.0,Europe,2.72
235,France,2005,29815.1937264846,65.1268806984367,10.4,8.48999977111816,1416.0,Europe,2.75
236,France,2005,29815.1937264846,65.1268806984367,10.4,8.48999977111816,1532.0,Europe,2.75
237,France,2006,31241.3484304556,65.1051670189693,10.6,8.449999809265138,1400.0,Europe,2.97
238,France,2006,31241.3484304556,65.1051670189693,10.6,8.449999809265138,1515.0,Europe,2.97
239,France,2007,35595.574225507,65.09940050951451,10.7,7.65999984741211,1424.0,Europe,3.41
240,France,2007,35595.574225507,65.09940050951451,10.7,7.65999984741211,1537.0,Europe,3.41
241,France,2008,38654.2052961821,65.07289550078221,10.7,7.05999994277954,1433.0,Europe,3.86
242,France,2008,38654.2052961821,65.07289550078221,10.7,7.05999994277954,1543.0,Europe,3.86
243,France,2009,34915.310175085295,64.9743878051901,10.8,8.73999977111816,1419.0,Europe,3.79
244,France,2009,34915.310175085295,64.9743878051901,10.8,8.73999977111816,1531.0,Europe,3.79
245,France,2010,34311.5177305945,64.77315659988129,10.9,8.86999988555908,1428.0,Europe,3.62
246,France,2010,34311.5177305945,64.77315659988129,10.9,8.86999988555908,1540.0,Europe,3.62
247,France,2011,37180.5051196786,64.4722131811407,10.9,8.8100004196167,1435.0,Europe,4.13
248,France,2011,37180.5051196786,64.4722131811407,10.9,8.8100004196167,1546.0,Europe,4.13
249,France,2012,34367.5234336562,64.0818202135633,11.0,9.39999961853027,1429.0,Europe,3.92
250,France,2012,34367.5234336562,64.0818202135633,11.0,9.39999961853027,1541.0,Europe,3.92
251,France,2013,35808.9308838785,63.6360479003751,11.2,9.920000076293947,1417.0,Europe,3.92
252,France,2013,35808.9308838785,63.6360479003751,11.2,9.920000076293947,1526.0,Europe,3.92
253,France,2014,36130.0487276265,63.19419819444701,11.4,10.3000001907349,1412.0,Europe,3.77
254,France,2014,36130.0487276265,63.19419819444701,11.4,10.3000001907349,1518.0,Europe,3.77
255,France,2015,30857.687074278198,62.79642052716501,11.5,10.3599996566772,1412.0,Europe,3.11
256,France,2015,30857.687074278198,62.79642052716501,11.5,10.3599996566772,1519.0,Europe,3.11
257,France,2016,31055.0823446821,62.4795270260561,11.5,10.0600004196167,1420.0,Europe,3.26
258,France,2016,31055.0823446821,62.4795270260561,11.5,10.0600004196167,1526.0,Europe,3.26
259,France,2017,32671.7550857999,62.1982212003075,11.5,9.39999961853027,1522.0,Europe,3.4
260,Hungary,2001,4044.12641428281,68.248681455424,10.3,5.67000007629395,1766.0,Europe,2.59
261,Hungary,2001,4044.12641428281,68.248681455424,10.3,5.67000007629395,1809.0,Europe,2.59
262,Hungary,2002,5183.01772730297,68.4057490102157,10.3,5.610000133514402,1766.0,Europe,2.81
263,Hungary,2002,5183.01772730297,68.4057490102157,10.3,5.610000133514402,1820.0,Europe,2.81
264,Hungary,2003,6630.0062483084985,68.55831360341139,10.5,5.78999996185303,1777.0,Europe,3.15
265,Hungary,2003,6630.0062483084985,68.55831360341139,10.5,5.78999996185303,1795.0,Europe,3.15
266,Hungary,2004,8082.05584701332,68.713438874093,10.6,5.82999992370605,1807.0,Europe,3.47
267,Hungary,2004,8082.05584701332,68.713438874093,10.6,5.82999992370605,1802.0,Europe,3.47
268,Hungary,2005,8840.16343164996,68.8645427312741,10.9,7.19000005722046,1803.0,Europe,3.71
269,Hungary,2005,8840.16343164996,68.8645427312741,10.9,7.19000005722046,1803.0,Europe,3.71
270,Hungary,2006,8975.38730849628,68.81865436768099,11.1,7.4899997711181605,1799.0,Europe,3.66
271,Hungary,2006,8975.38730849628,68.81865436768099,11.1,7.4899997711181605,1800.0,Europe,3.66
272,Hungary,2007,10664.0834656611,68.828140221453,11.3,7.40999984741211,1778.0,Europe,4.6
273,Hungary,2007,10664.0834656611,68.828140221453,11.3,7.40999984741211,1795.0,Europe,4.6
274,Hungary,2008,12149.6317994908,68.8902465279199,11.5,7.82000017166138,1786.0,Europe,5.47
275,Hungary,2008,12149.6317994908,68.8902465279199,11.5,7.82000017166138,1798.0,Europe,5.47
276,Hungary,2009,10006.0409417112,68.9732905362839,11.7,10.0299997329712,1766.0,Europe,4.97
277,Hungary,2009,10006.0409417112,68.9732905362839,11.7,10.0299997329712,1781.0,Europe,4.97
278,Hungary,2010,10096.5424377665,69.04798022530579,11.9,11.1700000762939,1818.0,Europe,5.02
279,Hungary,2010,10096.5424377665,69.04798022530579,11.9,11.1700000762939,1777.0,Europe,5.02
280,Hungary,2011,10845.9246934474,68.9249079934097,12.0,11.029999732971199,1816.0,Europe,6.08
281,Hungary,2011,10845.9246934474,68.9249079934097,12.0,11.029999732971199,1769.9,Europe,6.08
282,Hungary,2012,9978.24393617839,68.7971772956459,12.2,11.0,1797.0,Europe,6.07
283,Hungary,2012,9978.24393617839,68.7971772956459,12.2,11.0,1750.0,Europe,6.07
284,Hungary,2013,10877.8834258065,68.6302270838048,12.0,10.1800003051758,1803.0,Europe,5.42
285,Hungary,2013,10877.8834258065,68.6302270838048,12.0,10.1800003051758,1744.6,Europe,5.42
286,Hungary,2014,11135.1944933493,68.3898898794345,11.8,7.73000001907349,1809.0,Europe,4.86
287,Hungary,2014,11135.1944933493,68.3898898794345,11.8,7.73000001907349,1751.7,Europe,4.86
288,Hungary,2015,9873.28829226807,68.0632466009296,11.8,6.80999994277954,1816.0,Europe,4.16
289,Hungary,2015,9873.28829226807,68.0632466009296,11.8,6.80999994277954,1748.7,Europe,4.16
290,Hungary,2016,10357.7211005115,67.6336506658631,11.9,5.1100001335144,1819.0,Europe,4.31
291,Hungary,2016,10357.7211005115,67.6336506658631,11.9,5.1100001335144,1760.0,Europe,4.31
292,Hungary,2017,11348.7283841625,67.1058109095465,11.9,4.15999984741211,1799.0,Europe,4.83
293,Hungary,2017,11348.7283841625,67.1058109095465,11.9,4.15999984741211,1741.3,Europe,4.83
294,Italy,2001,17335.903710996103,67.3225401284696,8.7,9.60000038146973,1837.8,Europe,4.33
295,Italy,2001,17335.903710996103,67.3225401284696,8.7,9.60000038146973,1684.7,Europe,4.33
296,Italy,2002,18702.242268193502,67.0734645239108,8.8,9.21000003814697,1826.6,Europe,4.57
297,Italy,2002,18702.242268193502,67.0734645239108,8.8,9.21000003814697,1671.5,Europe,4.57
298,Italy,2003,23047.832029152996,66.8069311941037,8.9,8.86999988555908,1815.8,Europe,5.47
299,Italy,2003,23047.832029152996,66.8069311941037,8.9,8.86999988555908,1652.5,Europe,5.47
300,Italy,2004,26419.5045855216,66.56412689941979,9.1,7.869999885559079,1815.3,Europe,6.01
301,Italy,2004,26419.5045855216,66.56412689941979,9.1,7.869999885559079,1656.5,Europe,6.01
302,Italy,2005,27098.209801727404,66.36546465583878,9.2,7.73000001907349,1812.1,Europe,6.13
303,Italy,2005,27098.209801727404,66.36546465583878,9.2,7.73000001907349,1646.4,Europe,6.13
304,Italy,2006,28289.985622344,66.1461165392902,9.3,6.78000020980835,1812.6,Europe,6.29
305,Italy,2006,28289.985622344,66.1461165392902,9.3,6.78000020980835,1651.6,Europe,6.29
306,Italy,2007,31684.709900615697,65.9866248686577,9.4,6.07999992370605,1818.2,Europe,7.02
307,Italy,2007,31684.709900615697,65.9866248686577,9.4,6.07999992370605,1651.5,Europe,7.02
308,Italy,2008,33639.2964498296,65.8545233102841,9.5,6.71999979019165,1807.0,Europe,7.87
309,Italy,2008,33639.2964498296,65.8545233102841,9.5,6.71999979019165,1652.8,Europe,7.87
310,Italy,2009,30490.1639682984,65.6991659866772,9.6,7.75,1775.7,Europe,7.68
311,Italy,2009,30490.1639682984,65.6991659866772,9.6,7.75,1616.2,Europe,7.68
312,Italy,2010,29459.5332956227,65.4910922447816,9.7,8.35999965667725,1777.3,Europe,7.34
313,Italy,2010,29459.5332956227,65.4910922447816,9.7,8.35999965667725,1615.8,Europe,7.34
314,Italy,2011,31385.7840944582,65.2005008238882,9.8,8.35999965667725,1773.3,Europe,8.52
315,Italy,2011,31385.7840944582,65.2005008238882,9.8,8.35999965667725,1614.9,Europe,8.52
316,Italy,2012,28361.4491171634,64.8822391008754,9.9,10.6499996185303,1734.2,Europe,8.49
317,Italy,2012,28361.4491171634,64.8822391008754,9.9,10.6499996185303,1579.9,Europe,8.49
318,Italy,2013,28810.4818933089,64.5451380974727,10.3,12.1499996185303,1719.5,Europe,8.99
319,Italy,2013,28810.4818933089,64.5451380974727,10.3,12.1499996185303,1567.0,Europe,8.99
320,Italy,2014,28875.1335432515,64.21485951957439,10.1,12.6800003051758,1717.1,Europe,8.85
321,Italy,2014,28875.1335432515,64.21485951957439,10.1,12.6800003051758,1565.7,Europe,8.85
322,Italy,2015,24511.372825079103,63.9104186439777,10.2,11.8999996185303,1718.0,Europe,7.48
323,Italy,2015,24511.372825079103,63.9104186439777,10.2,11.8999996185303,1570.0,Europe,7.48
324,Italy,2016,25361.602318407597,63.6824995509839,10.2,11.6899995803833,1721.7,Europe,7.45
325,Italy,2016,25361.602318407597,63.6824995509839,10.2,11.6899995803833,1581.0,Europe,7.45
326,Italy,2017,26537.3591436077,63.46123056137221,10.2,11.210000038147,1719.0,Europe,7.67
327,Italy,2017,26537.3591436077,63.46123056137221,10.2,11.210000038147,1580.7,Europe,7.67
328,Japan,2001,26785.0571416499,67.9139924690296,10.8,5.03999996185303,1836.0,Asia,8.6
329,Japan,2001,26785.0571416499,67.9139924690296,10.8,5.03999996185303,1809.0,Asia,8.6
330,Japan,2002,25413.2710821112,67.6033720248273,10.9,5.369999885559079,1825.0,Asia,8.13
331,Japan,2002,25413.2710821112,67.6033720248273,10.9,5.369999885559079,1798.0,Asia,8.13
332,Japan,2003,27583.765594704,67.2819569297805,11.0,5.25,1828.0,Asia,8.19
333,Japan,2003,27583.765594704,67.2819569297805,11.0,5.25,1799.0,Asia,8.19
334,Japan,2004,30064.3021601617,66.924656654294,11.1,4.71000003814697,1816.0,Asia,8.75
335,Japan,2004,30064.3021601617,66.924656654294,11.1,4.71000003814697,1787.0,Asia,8.75
336,Japan,2005,29744.0444553699,66.5176871541976,11.2,4.42000007629395,1802.0,Asia,8.22
337,Japan,2005,29744.0444553699,66.5176871541976,11.2,4.42000007629395,1775.0,Asia,8.22
338,Japan,2006,28347.049458474903,66.13495905888479,11.2,4.13000011444092,1811.0,Asia,8.16
339,Japan,2006,28347.049458474903,66.13495905888479,11.2,4.13000011444092,1784.0,Asia,8.16
340,Japan,2007,28260.1478430173,65.71436290957479,11.3,3.8499999046325697,1808.0,Asia,8.09
341,Japan,2007,28260.1478430173,65.71436290957479,11.3,3.8499999046325697,1785.0,Asia,8.09
342,Japan,2008,30961.0325598177,65.2491377163597,11.4,3.9800000190734894,1792.0,Asia,8.32
343,Japan,2008,30961.0325598177,65.2491377163597,11.4,3.9800000190734894,1771.0,Asia,8.32
344,Japan,2009,31702.7135053342,64.72907489958179,11.4,5.07999992370605,1733.0,Asia,6.07
345,Japan,2009,31702.7135053342,64.72907489958179,11.4,5.07999992370605,1714.0,Asia,6.07
346,Japan,2010,35086.7823011901,64.1463637017564,11.5,5.07000017166138,1754.0,Asia,6.39
347,Japan,2010,35086.7823011901,64.1463637017564,11.5,5.07000017166138,1733.0,Asia,6.39
348,Japan,2011,38081.339155310896,63.53694524539001,11.8,4.5500001907348615,1747.0,Asia,7.35
349,Japan,2011,38081.339155310896,63.53694524539001,11.8,4.5500001907348615,1728.0,Asia,7.35
350,Japan,2012,38612.8626911258,62.887038071553896,12.0,4.349999904632569,1765.0,Asia,7.57
351,Japan,2012,38612.8626911258,62.887038071553896,12.0,4.349999904632569,1745.0,Asia,7.57
352,Japan,2013,32488.225963096495,62.22257898892801,12.2,4.0300002098083505,1746.0,Asia,6.05
353,Japan,2013,32488.225963096495,62.22257898892801,12.2,4.0300002098083505,1734.0,Asia,6.05
354,Japan,2014,30650.290643446802,61.582678471947204,12.5,3.57999992370605,1741.0,Asia,5.68
355,Japan,2014,30650.290643446802,61.582678471947204,12.5,3.57999992370605,1729.0,Asia,5.68
356,Japan,2015,28057.783923988198,60.99341482104649,12.5,3.32999992370605,1734.0,Asia,5.6
357,Japan,2015,28057.783923988198,60.99341482104649,12.5,3.32999992370605,1719.0,Asia,5.6
358,Japan,2016,31513.025205039503,60.4996889474557,12.7,3.1300001144409197,1724.0,Asia,6.21
359,Japan,2016,31513.025205039503,60.4996889474557,12.7,3.1300001144409197,1714.0,Asia,6.21
360,Japan,2017,31107.448946649904,60.064612586084,12.8,2.82999992370605,1720.0,Asia,5.95
361,Japan,2017,31107.448946649904,60.064612586084,12.8,2.82999992370605,1709.0,Asia,5.95
362,Lithuania,2001,2967.077026290109,66.3081162949168,10.9,16.8400001525879,1677.0,Europe,3.25
363,Lithuania,2001,2967.077026290109,66.3081162949168,10.9,16.8400001525879,1597.0,Europe,3.25
364,Lithuania,2002,3527.73511158174,66.5514286361232,11.1,13.0100002288818,1651.0,Europe,3.39
365,Lithuania,2002,3527.73511158174,66.5514286361232,11.1,13.0100002288818,1572.0,Europe,3.39
366,Lithuania,2003,4635.75727478122,66.7879000173386,11.3,12.869999885559098,1626.0,Europe,3.79
367,Lithuania,2003,4635.75727478122,66.7879000173386,11.3,12.869999885559098,1558.0,Europe,3.79
368,Lithuania,2004,5704.30891460151,67.0191634837944,11.5,10.6800003051758,1654.0,Europe,3.71
369,Lithuania,2004,5704.30891460151,67.0191634837944,11.5,10.6800003051758,1638.0,Europe,3.71
370,Lithuania,2005,6775.25389054097,67.241463860977,11.8,8.31999969482422,1651.0,Europe,3.78
371,Lithuania,2005,6775.25389054097,67.241463860977,11.8,8.31999969482422,1639.0,Europe,3.78
372,Lithuania,2006,7935.28323708962,67.3833138953607,12.0,5.78000020980835,1646.0,Europe,4.02
373,Lithuania,2006,7935.28323708962,67.3833138953607,12.0,5.78000020980835,1635.0,Europe,4.02
374,Lithuania,2007,10389.776090642901,67.5440041397618,12.1,4.25,1665.0,Europe,4.59
375,Lithuania,2007,10389.776090642901,67.5440041397618,12.1,4.25,1660.0,Europe,4.59
376,Lithuania,2008,12633.077697634599,67.7125215460456,12.2,5.82999992370605,1680.0,Europe,5.44
377,Lithuania,2008,12633.077697634599,67.7125215460456,12.2,5.82999992370605,1686.0,Europe,5.44
378,Lithuania,2009,10302.3177731998,67.8605781671891,11.5,13.789999961853,1620.0,Europe,5.16
379,Lithuania,2009,10302.3177731998,67.8605781671891,11.5,13.789999961853,1625.0,Europe,5.16
380,Luxembourg,2001,37876.0581383435,66.8942157847151,10.5,1.79999995231628,1589.0,Europe,4.07
381,Luxembourg,2001,37876.0581383435,66.8942157847151,10.5,1.79999995231628,1585.0,Europe,4.07
382,Luxembourg,2002,39365.5172219656,66.8439532504293,10.7,2.61999988555908,1585.0,Europe,4.29
383,Luxembourg,2002,39365.5172219656,66.8439532504293,10.7,2.61999988555908,1581.0,Europe,4.29
384,Luxembourg,2003,46951.5104181748,66.8379824824176,10.9,3.6800000667572004,1581.0,Europe,5.28
385,Luxembourg,2003,46951.5104181748,66.8379824824176,10.9,3.6800000667572004,1579.0,Europe,5.28
386,Luxembourg,2004,61681.4972748312,66.87877225172029,11.1,5.1100001335144,1581.0,Europe,5.79
387,Luxembourg,2004,61681.4972748312,66.87877225172029,11.1,5.1100001335144,1578.0,Europe,5.79
388,Luxembourg,2005,66272.29148949019,66.9567230616676,11.3,4.48999977111816,1560.0,Europe,6.04
389,Luxembourg,2005,66272.29148949019,66.9567230616676,11.3,4.48999977111816,1550.0,Europe,6.04
390,Luxembourg,2006,64410.2346125303,67.25471159092179,11.5,4.730000019073491,1559.0,Europe,6.44
391,Luxembourg,2006,64410.2346125303,67.25471159092179,11.5,4.730000019073491,1552.0,Europe,6.44
392,Luxembourg,2007,81768.3124986633,67.5698619402514,11.7,4.07000017166138,1570.0,Europe,6.78
393,Luxembourg,2007,81768.3124986633,67.5698619402514,11.7,4.07000017166138,1566.0,Europe,6.78
394,Luxembourg,2008,82487.46782512,67.8745838529803,11.7,5.05999994277954,1570.0,Europe,7.52
395,Luxembourg,2008,82487.46782512,67.8745838529803,11.7,5.05999994277954,1567.0,Europe,7.52
396,Luxembourg,2009,57108.002314930585,68.1413076112429,11.8,5.11999988555908,1520.0,Europe,7.29
397,Luxembourg,2009,57108.002314930585,68.1413076112429,11.8,5.11999988555908,1517.0,Europe,7.29
398,Luxembourg,2010,63004.255369726794,68.3629690739512,11.8,4.3600001335144,1522.0,Europe,7.11
399,Luxembourg,2010,63004.255369726794,68.3629690739512,11.8,4.3600001335144,1517.0,Europe,7.11
400,Luxembourg,2011,66255.2459701241,68.645480929567,11.8,4.90000009536743,1521.0,Europe,8.28
401,Luxembourg,2011,66255.2459701241,68.645480929567,11.8,4.90000009536743,1515.0,Europe,8.28
402,Luxembourg,2012,61116.208689933614,68.91640855242521,11.8,5.1399998664856,1513.0,Europe,7.9
403,Luxembourg,2012,61116.208689933614,68.91640855242521,11.8,5.1399998664856,1508.0,Europe,7.9
404,Luxembourg,2013,62617.19921210488,69.1752291540073,11.8,5.849999904632571,1505.0,Europe,8.19
405,Luxembourg,2013,62617.19921210488,69.1752291540073,11.8,5.849999904632571,1503.0,Europe,8.19
406,Luxembourg,2014,65253.569286761696,69.4172017342661,12.0,5.849999904632571,1507.0,Europe,7.92
407,Luxembourg,2014,65253.569286761696,69.4172017342661,12.0,5.849999904632571,1506.0,Europe,7.92
408,Luxembourg,2015,55795.44157705581,69.6279252780371,12.0,6.67000007629395,1515.0,Europe,6.97
409,Luxembourg,2015,55795.44157705581,69.6279252780371,12.0,6.67000007629395,1514.0,Europe,6.97
410,Luxembourg,2016,56279.721069807594,69.435185941047,12.1,6.28999996185303,1513.0,Europe,7.24
411,Luxembourg,2016,56279.721069807594,69.435185941047,12.1,6.28999996185303,1513.0,Europe,7.24
412,Luxembourg,2017,60887.924802278896,69.2451003076501,12.1,5.51999998092651,1505.0,Europe,7.56
413,Luxembourg,2017,60887.924802278896,69.2451003076501,12.1,5.51999998092651,1507.0,Europe,7.56
414,Latvia,2001,2662.17974926243,67.4446734334544,10.0,13.8199996948242,1741.0,Europe,3.28
415,Latvia,2001,2662.17974926243,67.4446734334544,10.0,13.8199996948242,1785.0,Europe,3.28
416,Latvia,2002,3115.44352143388,67.6947659413194,10.6,13.8299999237061,1714.0,Europe,3.22
417,Latvia,2002,3115.44352143388,67.6947659413194,10.6,13.8299999237061,1741.0,Europe,3.22
418,Latvia,2003,3883.8769890618105,67.9387624551398,11.2,12.0600004196167,1707.0,Europe,3.35
419,Latvia,2003,3883.8769890618105,67.9387624551398,11.2,12.0600004196167,1732.0,Europe,3.35
420,Latvia,2004,4778.30496214698,68.1975377985875,11.7,11.710000038147,1665.0,Europe,3.72
421,Latvia,2004,4778.30496214698,68.1975377985875,11.7,11.710000038147,1687.0,Europe,3.72
422,Latvia,2005,5826.4254161131,68.4626393716116,12.1,10.0299997329712,1680.0,Europe,3.93
423,Latvia,2005,5826.4254161131,68.4626393716116,12.1,10.0299997329712,1712.0,Europe,3.93
424,Latvia,2006,7228.752788973871,68.3338703581619,12.2,7.03000020980835,1676.0,Europe,4.29
425,Latvia,2006,7228.752788973871,68.3338703581619,12.2,7.03000020980835,1713.0,Europe,4.29
426,Latvia,2007,10598.6195706162,68.249657269124,12.3,6.050000190734861,1648.0,Europe,4.83
427,Latvia,2007,10598.6195706162,68.249657269124,12.3,6.050000190734861,1687.0,Europe,4.83
428,Latvia,2008,12526.9131156245,68.1566807757884,12.2,7.7399997711181605,1756.0,Europe,5.89
429,Latvia,2008,12526.9131156245,68.1566807757884,12.2,7.7399997711181605,1799.0,Europe,5.89
430,Latvia,2009,10201.7990843671,67.9907649667251,12.3,17.5100002288818,1713.0,Europe,6.1
431,Latvia,2009,10201.7990843671,67.9907649667251,12.3,17.5100002288818,1754.0,Europe,6.1
432,Latvia,2010,8601.764483415742,67.7325603346724,12.5,19.479999542236303,1702.0,Europe,6.1
433,Latvia,2010,8601.764483415742,67.7325603346724,12.5,19.479999542236303,1738.0,Europe,6.1
434,Latvia,2011,10349.6647198434,67.35926954116451,12.6,16.2099990844727,1714.0,Europe,8.67
435,Latvia,2011,10349.6647198434,67.35926954116451,12.6,16.2099990844727,1753.0,Europe,8.67
436,Latvia,2012,10290.3739836204,66.9324623712842,12.6,15.0500001907349,1705.0,Europe,8.08
437,Latvia,2012,10290.3739836204,66.9324623712842,12.6,15.0500001907349,1738.0,Europe,8.08
438,Latvia,2013,11348.4302496121,66.4732279359305,12.7,11.869999885559098,1699.0,Europe,7.52
439,Latvia,2013,11348.4302496121,66.4732279359305,12.7,11.869999885559098,1732.0,Europe,7.52
440,Latvia,2014,11902.1527964185,66.0188232376465,12.9,10.8500003814697,1709.0,Europe,6.89
441,Latvia,2014,11902.1527964185,66.0188232376465,12.9,10.8500003814697,1741.0,Europe,6.89
442,Latvia,2015,10423.1577884123,65.5854000400469,12.8,9.86999988555908,1671.0,Europe,6.57
443,Latvia,2015,10423.1577884123,65.5854000400469,12.8,9.86999988555908,1708.0,Europe,6.57
444,Latvia,2016,11021.3871398995,65.2335666039086,12.8,9.64000034332275,1670.0,Europe,6.46
445,Latvia,2016,11021.3871398995,65.2335666039086,12.8,9.64000034332275,1709.0,Europe,6.46
446,Latvia,2017,12356.8072165498,64.8399985638595,12.8,8.71000003814697,1656.0,Europe,6.69
447,Latvia,2017,12356.8072165498,64.8399985638595,12.8,8.71000003814697,1695.0,Europe,6.69
448,Netherlands,2001,22133.9123652686,67.8734587605008,11.0,2.11999988555908,1398.0,Europe,2.55
449,Netherlands,2001,22133.9123652686,67.8734587605008,11.0,2.11999988555908,1454.0,Europe,2.55
450,Netherlands,2002,23966.8276163687,67.7787236842391,11.1,2.5499999523162797,1385.0,Europe,2.6
451,Netherlands,2002,23966.8276163687,67.7787236842391,11.1,2.5499999523162797,1436.0,Europe,2.6
452,Netherlands,2003,29731.296941764398,67.6776628730005,11.3,3.58999991416931,1379.0,Europe,3.2
453,Netherlands,2003,29731.296941764398,67.6776628730005,11.3,3.58999991416931,1428.0,Europe,3.2
454,Netherlands,2004,33786.477334204304,67.5957265044377,11.5,4.65000009536743,1397.0,Europe,3.47
455,Netherlands,2004,33786.477334204304,67.5957265044377,11.5,4.65000009536743,1448.0,Europe,3.47
456,Netherlands,2005,34460.3539181094,67.5459783549471,11.6,4.71999979019165,1378.0,Europe,3.75
457,Netherlands,2005,34460.3539181094,67.5459783549471,11.6,4.71999979019165,1434.0,Europe,3.75
458,Netherlands,2006,37844.04846494951,67.4203243727487,11.8,3.9000000953674303,1370.0,Europe,3.96
459,Netherlands,2006,37844.04846494951,67.4203243727487,11.8,3.9000000953674303,1430.0,Europe,3.96
460,Netherlands,2007,43369.9297288516,67.3671549911747,12.0,3.1800000667572004,1366.0,Europe,4.45
461,Netherlands,2007,43369.9297288516,67.3671549911747,12.0,3.1800000667572004,1429.0,Europe,4.45
462,Netherlands,2008,46346.5166332625,67.3322053453209,12.0,2.75,1369.0,Europe,5.05
463,Netherlands,2008,46346.5166332625,67.3322053453209,12.0,2.75,1429.0,Europe,5.05
464,Netherlands,2009,42737.0083897312,67.2366738145103,11.9,3.41000008583069,1360.0,Europe,4.7
465,Netherlands,2009,42737.0083897312,67.2366738145103,11.9,3.41000008583069,1420.0,Europe,4.7
466,Netherlands,2010,41980.652074040096,67.0402783877664,12.0,4.4499998092651385,1357.0,Europe,4.57
467,Netherlands,2010,41980.652074040096,67.0402783877664,12.0,4.4499998092651385,1420.0,Europe,4.57
468,Netherlands,2011,45274.3563830262,66.7788592007099,12.0,4.980000019073491,1358.0,Europe,5.98
469,Netherlands,2011,45274.3563830262,66.7788592007099,12.0,4.980000019073491,1420.0,Europe,5.98
470,Netherlands,2012,41839.5185466208,66.41842219607429,12.0,5.82000017166138,1348.0,Europe,5.83
471,Netherlands,2012,41839.5185466208,66.41842219607429,12.0,5.82000017166138,1411.0,Europe,5.83
472,Netherlands,2013,43399.3155532521,66.0086501546138,12.1,7.2399997711181605,1353.0,Europe,5.74
473,Netherlands,2013,43399.3155532521,66.0086501546138,12.1,7.2399997711181605,1415.0,Europe,5.74
474,Netherlands,2014,43366.9209802983,65.63033546098501,12.1,7.42000007629395,1362.0,Europe,5.71
475,Netherlands,2014,43366.9209802983,65.63033546098501,12.1,7.42000007629395,1426.0,Europe,5.71
476,Netherlands,2015,37476.8840005848,65.3242002139623,12.1,6.869999885559079,1356.0,Europe,5.38
477,Netherlands,2015,37476.8840005848,65.3242002139623,12.1,6.869999885559079,1426.0,Europe,5.38
478,Netherlands,2016,37565.6286387544,65.040274133722,12.1,6.0100002288818395,1367.0,Europe,4.77
479,Netherlands,2016,37565.6286387544,65.040274133722,12.1,6.0100002288818395,1438.0,Europe,4.77
480,Netherlands,2017,40544.911980102996,64.807872627853,12.2,4.84000015258789,1365.0,Europe,4.83
481,Netherlands,2017,40544.911980102996,64.807872627853,12.2,4.84000015258789,1435.0,Europe,4.83
482,Norway,2001,29626.3351556931,64.8879043232087,12.1,3.74000000953674,1429.0,Europe,2.86
483,Norway,2002,33317.7643587911,65.0521258270148,12.1,4.019999980926509,1414.0,Europe,3.09
484,Norway,2003,39174.074324854104,65.2391432496314,12.2,4.2199997901916495,1400.7,Europe,3.48
485,Norway,2004,44765.9025630071,65.4210308611126,12.7,4.26000022888184,1420.5,Europe,3.84
486,Norway,2005,52451.9785467289,65.57278314053039,12.4,4.38000011444092,1422.8,Europe,4.11
487,Norway,2006,57480.2304442116,65.7857468430818,12.5,3.4000000953674303,1419.8,Europe,3.89
488,Norway,2007,66164.31934184111,65.9679493046939,12.6,2.49000000953674,1426.0,Europe,4.47
489,Norway,2008,73176.00281861781,66.1196724070395,12.7,2.5499999523162797,1429.5,Europe,4.69
490,Norway,2009,61977.228884603304,66.23552467486189,12.7,3.0999999046325697,1406.8,Europe,4.02
491,Norway,2010,68568.6281428435,66.301102892868,12.7,3.5199999809265097,1415.3,Europe,4.48
492,Norway,2011,77242.73863682231,66.2151206798455,12.8,3.2100000381469704,1421.1,Europe,5.78
493,Norway,2012,78447.11124414731,66.12129631901949,12.6,3.1199998855590803,1419.7,Europe,5.48
494,Norway,2013,80857.4965692781,66.0103669397162,12.7,3.42000007629395,1408.1,Europe,5.05
495,Norway,2014,78060.2654134051,65.8787182331964,12.5,3.4800000190734903,1426.9,Europe,7.5
496,Norway,2015,61358.9784755317,65.7346500928106,12.5,4.30000019073486,1423.9,Europe,5.81
497,Norway,2016,58732.7945377457,65.5807169741949,12.6,4.67999982833862,1424.4,Europe,5.56
498,Norway,2017,61865.201774768204,65.4047973539328,12.6,4.15999984741211,1419.1,Europe,5.63
499,Poland,2001,4267.93767009386,68.867107664429,11.1,18.3700008392334,1777.0,Europe,2.57
500,Poland,2001,4267.93767009386,68.867107664429,11.1,18.3700008392334,1865.0,Europe,2.57
501,Poland,2002,4453.60842331145,69.2462248150371,11.4,19.8899993896484,1766.0,Europe,2.11
502,Poland,2002,4453.60842331145,69.2462248150371,11.4,19.8899993896484,1860.0,Europe,2.11
503,Poland,2003,4873.282249061721,69.5850180231831,11.5,19.3700008392334,1765.0,Europe,2.12
504,Poland,2003,4873.282249061721,69.5850180231831,11.5,19.3700008392334,1865.0,Europe,2.12
505,Poland,2004,5522.825315060711,69.9358939533024,11.6,19.0699996948242,1766.0,Europe,2.26
506,Poland,2004,5522.825315060711,69.9358939533024,11.6,19.0699996948242,1866.0,Europe,2.26
507,Poland,2005,6768.767726772529,70.3121571373585,11.6,17.75,1762.0,Europe,2.56
508,Poland,2005,6768.767726772529,70.3121571373585,11.6,17.75,1861.0,Europe,2.56
509,Poland,2006,7597.57879243173,70.6300502678123,11.7,13.8400001525879,1762.0,Europe,2.76
510,Poland,2006,7597.57879243173,70.6300502678123,11.7,13.8400001525879,1862.0,Europe,2.76
511,Poland,2007,9425.035160611958,70.9271989247992,11.8,9.60000038146973,1761.0,Europe,3.49
512,Poland,2007,9425.035160611958,70.9271989247992,11.8,9.60000038146973,1859.0,Europe,3.49
513,Poland,2008,11971.1121481425,71.167185017861,11.9,7.119999885559079,1751.0,Europe,4.45
514,Poland,2008,11971.1121481425,71.167185017861,11.9,7.119999885559079,1852.0,Europe,4.45
515,Poland,2009,9809.87130379594,71.3030389926959,12.1,8.17000007629395,1739.0,Europe,3.49
516,Poland,2009,9809.87130379594,71.3030389926959,12.1,8.17000007629395,1838.0,Europe,3.49
517,Poland,2010,10719.9811644526,71.31035235337409,12.2,9.64000034332275,1740.0,Europe,3.64
518,Poland,2010,10719.9811644526,71.31035235337409,12.2,9.64000034332275,1834.0,Europe,3.64
519,Poland,2011,11868.284964607099,71.0657046131976,12.3,9.63000011444092,1733.0,Europe,4.14
520,Poland,2011,11868.284964607099,71.0657046131976,12.3,9.63000011444092,1829.0,Europe,4.14
521,Poland,2012,11228.1754353448,70.7832320790834,11.7,10.0900001525879,1724.0,Europe,4.16
522,Poland,2012,11228.1754353448,70.7832320790834,11.7,10.0900001525879,1824.0,Europe,4.16
523,Poland,2013,11731.316181420601,70.43977999058251,12.1,10.3299999237061,1720.0,Europe,3.92
524,Poland,2013,11731.316181420601,70.43977999058251,12.1,10.3299999237061,1821.0,Europe,3.92
525,Poland,2014,12172.410811547901,70.01250357114321,11.3,8.98999977111816,1725.0,Europe,3.85
526,Poland,2014,12172.410811547901,70.01250357114321,11.3,8.98999977111816,1827.0,Europe,3.85
527,Poland,2015,10652.3512388615,69.5045470265875,12.1,7.5,1732.0,Europe,3.28
528,Poland,2015,10652.3512388615,69.5045470265875,12.1,7.5,1834.0,Europe,3.28
529,Poland,2016,10418.9750966746,69.00863872065,12.2,6.15999984741211,1735.0,Europe,3.17
530,Poland,2016,10418.9750966746,69.00863872065,12.2,6.15999984741211,1836.0,Europe,3.17
531,Poland,2017,11650.395155575901,68.41971142691811,12.3,4.8899998664856,1715.0,Europe,3.45
532,Poland,2017,11650.395155575901,68.41971142691811,12.3,4.8899998664856,1815.0,Europe,3.45
533,Portugal,2001,9653.228150731049,67.6421863292495,6.9,3.82999992370605,1687.0,Europe,3.87
534,Portugal,2001,9653.228150731049,67.6421863292495,6.9,3.82999992370605,1745.0,Europe,3.87
535,Portugal,2002,10638.1248773781,67.5786897860024,7.0,4.5,1681.0,Europe,3.9
536,Portugal,2002,10638.1248773781,67.5786897860024,7.0,4.5,1739.0,Europe,3.9
537,Portugal,2003,13048.4497460087,67.4793434570601,7.2,6.130000114440921,1678.0,Europe,4.61
538,Portugal,2003,13048.4497460087,67.4793434570601,7.2,6.130000114440921,1733.0,Europe,4.61
539,Portugal,2004,14820.2972727883,67.3818238669456,7.4,6.32000017166138,1684.0,Europe,4.9
540,Portugal,2004,14820.2972727883,67.3818238669456,7.4,6.32000017166138,1738.0,Europe,4.9
541,Portugal,2005,15402.2196611001,67.31642500943849,7.5,7.57999992370605,1685.0,Europe,4.88
542,Portugal,2005,15402.2196611001,67.31642500943849,7.5,7.57999992370605,1740.0,Europe,4.88
543,Portugal,2006,15947.442917656,67.0401495252195,7.6,7.650000095367429,1682.0,Europe,4.77
544,Portugal,2006,15947.442917656,67.0401495252195,7.6,7.650000095367429,1729.0,Europe,4.77
545,Portugal,2007,18411.5731811913,66.82502173070479,7.7,7.96000003814697,1686.0,Europe,5.08
546,Portugal,2007,18411.5731811913,66.82502173070479,7.7,7.96000003814697,1745.0,Europe,5.08
547,Portugal,2008,19697.632715431002,66.6610496203612,7.8,7.550000190734861,1678.0,Europe,5.68
548,Portugal,2008,19697.632715431002,66.6610496203612,7.8,7.550000190734861,1733.0,Europe,5.68
549,Portugal,2009,18263.8809448476,66.5132671507913,7.9,9.43000030517578,1684.0,Europe,5.3
550,Portugal,2009,18263.8809448476,66.5132671507913,7.9,9.43000030517578,1733.0,Europe,5.3
551,Portugal,2010,17861.8234951578,66.35062912580271,8.1,10.770000457763699,1691.0,Europe,4.93
552,Portugal,2010,17861.8234951578,66.35062912580271,8.1,10.770000457763699,1735.0,Europe,4.93
553,Portugal,2011,18568.6196180129,66.1473102482464,8.3,12.6800003051758,1669.0,Europe,5.35
554,Portugal,2011,18568.6196180129,66.1473102482464,8.3,12.6800003051758,1714.0,Europe,5.35
555,Portugal,2012,16321.5803089131,65.9274807237809,8.5,15.529999732971199,1658.0,Europe,5.69
556,Portugal,2012,16321.5803089131,65.9274807237809,8.5,15.529999732971199,1698.0,Europe,5.69
557,Portugal,2013,17514.6399319993,65.6866084569108,8.6,16.1800003051758,1670.0,Europe,5.79
558,Portugal,2013,17514.6399319993,65.6866084569108,8.6,16.1800003051758,1707.0,Europe,5.79
559,Portugal,2014,17837.5001891011,65.43514534386229,8.9,13.890000343322802,1679.0,Europe,5.73
560,Portugal,2014,17837.5001891011,65.43514534386229,8.9,13.890000343322802,1714.0,Europe,5.73
561,Portugal,2015,15402.147707814,65.1844948871106,9.1,12.4399995803833,1678.0,Europe,4.99
562,Portugal,2015,15402.147707814,65.1844948871106,9.1,12.4399995803833,1722.0,Europe,4.99
563,Portugal,2016,16113.128203506201,65.0184585311446,9.2,11.0699996948242,1678.0,Europe,4.93
564,Portugal,2016,16113.128203506201,65.0184585311446,9.2,11.0699996948242,1725.0,Europe,4.93
565,Portugal,2017,17188.420795283702,64.8630341083107,9.2,8.86999988555908,1676.0,Europe,5.04
566,Portugal,2017,17188.420795283702,64.8630341083107,9.2,8.86999988555908,1727.0,Europe,5.04
567,Slovenia,2001,8507.68888503996,70.16917050276379,11.5,5.67999982833862,1583.6,Europe,3.05
568,Slovenia,2001,8507.68888503996,70.16917050276379,11.5,5.67999982833862,1695.9,Europe,3.05
569,Slovenia,2002,9574.96327389109,70.2976566492176,11.5,5.92000007629395,1622.7,Europe,3.1
570,Slovenia,2002,9574.96327389109,70.2976566492176,11.5,5.92000007629395,1720.5,Europe,3.1
571,Slovenia,2003,12052.6534681042,70.4338185940929,11.5,6.48000001907349,1636.6,Europe,3.74
572,Slovenia,2003,12052.6534681042,70.4338185940929,11.5,6.48000001907349,1723.8,Europe,3.74
573,Slovenia,2004,13887.362049351,70.5105878690187,12.0,6.0100002288818395,1664.9,Europe,3.73
574,Slovenia,2004,13887.362049351,70.5105878690187,12.0,6.0100002288818395,1736.6,Europe,3.73
575,Slovenia,2005,14687.2591284919,70.48727108057429,11.7,6.5100002288818395,1626.3,Europe,3.72
576,Slovenia,2005,14687.2591284919,70.48727108057429,11.7,6.5100002288818395,1696.6,Europe,3.72
577,Slovenia,2006,15951.8443362072,70.390874098147,11.8,5.949999809265139,1604.1,Europe,3.98
578,Slovenia,2006,15951.8443362072,70.390874098147,11.8,5.949999809265139,1667.5,Europe,3.98
579,Slovenia,2007,19181.345446436102,70.17534798183699,11.8,4.82000017166138,1593.1,Europe,4.53
580,Slovenia,2007,19181.345446436102,70.17534798183699,11.8,4.82000017166138,1654.9,Europe,4.53
581,Slovenia,2008,22017.577856905096,69.87653479460499,11.9,4.36999988555908,1605.9,Europe,4.98
582,Slovenia,2008,22017.577856905096,69.87653479460499,11.9,4.36999988555908,1673.7,Europe,4.98
583,Slovenia,2009,19487.9693066952,69.56408099737449,12.1,5.860000133514402,1619.9,Europe,4.77
584,Slovenia,2009,19487.9693066952,69.56408099737449,12.1,5.860000133514402,1678.8,Europe,4.77
585,Slovenia,2010,18452.0731387797,69.2759714605353,12.1,7.2399997711181605,1636.2,Europe,4.31
586,Slovenia,2010,18452.0731387797,69.2759714605353,12.1,7.2399997711181605,1680.1,Europe,4.31
587,Slovenia,2011,19626.6507024242,68.8621900073828,12.2,8.17000007629395,1621.4,Europe,4.8
588,Slovenia,2011,19626.6507024242,68.8621900073828,12.2,8.17000007629395,1663.2,Europe,4.8
589,Slovenia,2012,17391.0593515533,68.5227554006766,11.7,8.84000015258789,1600.3,Europe,4.48
590,Slovenia,2012,17391.0593515533,68.5227554006766,11.7,8.84000015258789,1644.6,Europe,4.48
591,Slovenia,2013,18064.1147712109,68.1921999652489,11.7,10.1000003814697,1618.8,Europe,4.78
592,Slovenia,2013,18064.1147712109,68.1921999652489,11.7,10.1000003814697,1662.4,Europe,4.78
593,Slovenia,2014,18954.988230291103,67.7821372434924,11.9,9.670000076293947,1633.5,Europe,4.62
594,Slovenia,2014,18954.988230291103,67.7821372434924,11.9,9.670000076293947,1681.9,Europe,4.62
595,Slovenia,2015,15925.2913908721,67.2556907018934,12.0,8.96000003814697,1644.7,Europe,4.03
596,Slovenia,2015,15925.2913908721,67.2556907018934,12.0,8.96000003814697,1687.8,Europe,4.03
597,Slovenia,2016,16688.056505618202,66.66766127875671,12.3,8.0,1603.7,Europe,3.96
598,Slovenia,2016,16688.056505618202,66.66766127875671,12.3,8.0,1652.9,Europe,3.96
599,Slovenia,2017,18407.238386923502,65.97585741373939,12.2,6.55999994277954,1575.7,Europe,4.2
600,Slovenia,2017,18407.238386923502,65.97585741373939,12.2,6.55999994277954,1621.7,Europe,4.2
601,Sweden,2001,22671.0619734698,64.6093025540154,11.5,3.9800000190734894,1478.0,Europe,2.54
602,Sweden,2001,22671.0619734698,64.6093025540154,11.5,3.9800000190734894,1422.0,Europe,2.54
603,Sweden,2002,24909.6870587595,64.827052693434,11.6,3.99000000953674,1457.0,Europe,2.55
604,Sweden,2002,24909.6870587595,64.827052693434,11.6,3.99000000953674,1401.0,Europe,2.55
605,Sweden,2003,31795.671792829904,64.9763356034382,11.8,4.88000011444092,1445.0,Europe,2.94
606,Sweden,2003,31795.671792829904,64.9763356034382,11.8,4.88000011444092,1386.0,Europe,2.94
607,Sweden,2004,36115.3593307677,65.1254821820785,12.3,5.51999998092651,1467.0,Europe,3.08
608,Sweden,2004,36115.3593307677,65.1254821820785,12.3,5.51999998092651,1407.0,Europe,3.08
609,Sweden,2005,36975.193442117,65.2888166704154,12.4,7.67000007629395,1466.0,Europe,2.99
610,Sweden,2005,36975.193442117,65.2888166704154,12.4,7.67000007629395,1404.0,Europe,2.99
611,Sweden,2006,40373.924451914,65.2599462812425,12.4,7.050000190734861,1461.0,Europe,3.16
612,Sweden,2006,40373.924451914,65.2599462812425,12.4,7.050000190734861,1402.0,Europe,3.16
613,Sweden,2007,46692.8731094688,65.33233921658521,12.5,6.119999885559079,1472.0,Europe,3.53
614,Sweden,2007,46692.8731094688,65.33233921658521,12.5,6.119999885559079,1413.0,Europe,3.53
615,Sweden,2008,48736.3550853575,65.4291433588578,12.2,6.17999982833862,1477.0,Europe,3.76
616,Sweden,2008,48736.3550853575,65.4291433588578,12.2,6.17999982833862,1421.0,Europe,3.76
617,Sweden,2009,39276.8206765094,65.4301003341609,12.2,8.300000190734862,1470.0,Europe,3.55
618,Sweden,2009,39276.8206765094,65.4301003341609,12.2,8.300000190734862,1415.0,Europe,3.55
619,Sweden,2010,44707.624712412595,65.2735073536491,12.3,8.57999992370605,1494.0,Europe,3.99
620,Sweden,2010,44707.624712412595,65.2735073536491,12.3,8.57999992370605,1440.0,Europe,3.99
621,Sweden,2011,50888.765391171604,64.9883708793635,12.4,7.76999998092651,1491.0,Europe,5.58
622,Sweden,2011,50888.765391171604,64.9883708793635,12.4,7.76999998092651,1437.0,Europe,5.58
623,Sweden,2012,48819.8499307166,64.5697206774995,12.4,7.96000003814697,1478.0,Europe,5.2
624,Sweden,2012,48819.8499307166,64.5697206774995,12.4,7.96000003814697,1425.0,Europe,5.2
625,Sweden,2013,51587.7663186081,64.0538511387175,12.2,8.01000022888184,1470.0,Europe,4.34
626,Sweden,2013,51587.7663186081,64.0538511387175,12.2,8.01000022888184,1419.0,Europe,4.34
627,Sweden,2014,50568.0060839805,63.5409648670874,12.3,7.92000007629395,1470.0,Europe,4.11
628,Sweden,2014,50568.0060839805,63.5409648670874,12.3,7.92000007629395,1418.0,Europe,4.11
629,Sweden,2015,43167.1111331565,63.1051772585116,12.4,7.400000095367429,1471.0,Europe,3.82
630,Sweden,2015,43167.1111331565,63.1051772585116,12.4,7.400000095367429,1419.0,Europe,3.82
631,Sweden,2016,43722.9400998558,62.766569626755,12.4,6.9899997711181605,1482.0,Europe,3.48
632,Sweden,2016,43722.9400998558,62.766569626755,12.4,6.9899997711181605,1432.0,Europe,3.48
633,Sweden,2017,45159.05870596528,62.4799497028515,12.4,6.71999979019165,1470.0,Europe,3.57
634,Sweden,2017,45159.05870596528,62.4799497028515,12.4,6.71999979019165,1419.0,Europe,3.57
